CARRID;CONNID;FLDATE;PRICE;CURR_CURRKEY;SAPLANE_PLANETYPE;SEATSMAX;SEATSOCC;PAYMENTSUM;SEATSMAX_B;SEATSOCC_B;SEATSMAX_F;SEATSOCC_F
AA;17;18/01/2023;422.94;USD;747-400;385;357;194129.80;31;31;21;19
AA;17;15/02/2023;422.94;USD;747-400;385;354;192822.73;31;30;21;20
AA;17;15/03/2023;422.94;USD;747-400;385;356;194138.16;31;29;21;21
AA;17;12/04/2023;422.94;USD;747-400;385;345;188741.39;31;29;21;20
AA;17;10/05/2023;422.94;USD;747-400;385;351;191926.32;31;31;21;21
AA;17;07/06/2023;422.94;USD;747-400;385;353;190720.84;31;30;21;19
AA;17;05/07/2023;422.94;USD;747-400;385;354;194353.92;31;31;21;21
AA;17;02/08/2023;422.94;USD;747-400;385;354;191608.94;31;29;21;20
AA;17;30/08/2023;422.94;USD;747-400;385;353;193482.59;31;30;21;21
AA;17;27/09/2023;422.94;USD;747-400;385;201;113931.61;31;17;21;12
AA;17;25/10/2023;422.94;USD;747-400;385;122;71134.36;31;12;21;6
AA;17;22/11/2023;422.94;USD;747-400;385;108;64688.78;31;11;21;6
AA;17;20/12/2023;422.94;USD;747-400;385;50;35078.64;31;5;21;4
AA;17;17/01/2024;422.94;USD;747-400;385;15;17750.83;31;3;21;2
AA;17;14/02/2024;422.94;USD;747-400;385;17;18698.20;31;3;21;2
AA;64;20/01/2023;422.94;USD;A310-300;280;248;133391.13;22;21;10;10
AA;64;17/02/2023;422.94;USD;A310-300;280;247;132727.08;22;21;10;10
AA;64;17/03/2023;422.94;USD;A310-300;280;253;133615.40;22;22;10;9
AA;64;14/04/2023;422.94;USD;A310-300;280;253;133116.23;22;21;10;9
AA;64;12/05/2023;422.94;USD;A310-300;280;243;130058.35;22;20;10;10
AA;64;09/06/2023;422.94;USD;A310-300;280;252;134355.53;22;22;10;10
AA;64;07/07/2023;422.94;USD;A310-300;280;248;131598.08;22;20;10;10
AA;64;04/08/2023;422.94;USD;A310-300;280;243;130654.78;22;21;10;10
AA;64;01/09/2023;422.94;USD;A310-300;280;244;131090.41;22;21;10;10
AA;64;29/09/2023;422.94;USD;A310-300;280;-18;0.00;22;0;10;0
AA;64;27/10/2023;422.94;USD;A310-300;280;88;53269.36;22;9;10;4
AA;64;24/11/2023;422.94;USD;A310-300;280;46;31454.07;22;5;10;2
AA;64;22/12/2023;422.94;USD;A310-300;280;43;30536.25;22;5;10;2
AA;64;19/01/2024;422.94;USD;A310-300;280;35;26192.72;22;4;10;2
AA;64;16/02/2024;422.94;USD;A310-300;280;0;8881.75;22;1;10;1
AZ;555;18/01/2023;185.00;EUR;A319;220;194;48112.95;22;21;10;9
AZ;555;15/02/2023;185.00;EUR;A319;220;190;47881.70;22;21;10;10
AZ;555;15/03/2023;185.00;EUR;A319;220;193;48649.45;22;22;10;10
AZ;555;12/04/2023;185.00;EUR;A319;220;194;48544.00;22;22;10;10
AZ;555;10/05/2023;185.00;EUR;A319;220;195;48601.35;22;21;10;10
AZ;555;07/06/2023;185.00;EUR;A319;220;196;48183.25;22;22;10;8
AZ;555;05/07/2023;185.00;EUR;A319;220;191;48397.85;22;21;10;10
AZ;555;02/08/2023;185.00;EUR;A319;220;190;46862.35;22;21;10;8
AZ;555;30/08/2023;185.00;EUR;A319;220;191;48643.90;22;22;10;10
AZ;555;27/09/2023;185.00;EUR;A319;220;88;23815.05;22;10;10;5
AZ;555;25/10/2023;185.00;EUR;A319;220;88;24301.60;22;11;10;5
AZ;555;22/11/2023;185.00;EUR;A319;220;18;8500.75;22;4;10;2
AZ;555;20/12/2023;185.00;EUR;A319;220;27;10578.30;22;5;10;2
AZ;555;17/01/2024;185.00;EUR;A319;220;25;10051.05;22;5;10;2
AZ;555;14/02/2024;185.00;EUR;A319;220;4;5076.40;22;2;10;1
AZ;788;17/01/2023;1030.00;EUR;DC-10-10;380;342;470411.30;41;38;18;18
AZ;788;14/02/2023;1030.00;EUR;DC-10-10;380;348;473089.30;41;40;18;17
AZ;788;14/03/2023;1030.00;EUR;DC-10-10;380;348;480495.00;41;41;18;18
AZ;788;11/04/2023;1030.00;EUR;DC-10-10;380;345;465910.20;41;39;18;16
AZ;788;09/05/2023;1030.00;EUR;DC-10-10;380;346;477909.70;41;41;18;18
AZ;788;06/06/2023;1030.00;EUR;DC-10-10;380;342;467506.70;41;38;18;17
AZ;788;04/07/2023;1030.00;EUR;DC-10-10;380;349;477538.90;41;40;18;18
AZ;788;01/08/2023;1030.00;EUR;DC-10-10;380;341;470586.40;41;38;18;18
AZ;788;29/08/2023;1030.00;EUR;DC-10-10;380;348;474572.50;41;40;18;17
AZ;788;26/09/2023;1030.00;EUR;DC-10-10;380;212;299431.30;41;26;18;10
AZ;788;24/10/2023;1030.00;EUR;DC-10-10;380;160;232810.90;41;20;18;9
AZ;788;21/11/2023;1030.00;EUR;DC-10-10;380;64;106708.00;41;9;18;4
AZ;788;19/12/2023;1030.00;EUR;DC-10-10;380;25;56289.50;41;5;18;2
AZ;788;16/01/2024;1030.00;EUR;DC-10-10;380;66;108912.20;41;9;18;4
AZ;788;13/02/2024;1030.00;EUR;DC-10-10;380;13;40932.20;41;3;18;2
AZ;789;18/01/2023;1030.00;EUR;DC-10-10;380;350;472275.60;41;39;18;17
AZ;789;15/02/2023;1030.00;EUR;DC-10-10;380;350;475324.40;41;41;18;17
AZ;789;15/03/2023;1030.00;EUR;DC-10-10;380;349;474438.60;41;38;18;18
AZ;789;12/04/2023;1030.00;EUR;DC-10-10;380;348;475417.10;41;40;18;17
AZ;789;10/05/2023;1030.00;EUR;DC-10-10;380;352;476859.10;41;40;18;17
AZ;789;07/06/2023;1030.00;EUR;DC-10-10;380;344;467836.30;41;38;18;18
AZ;789;05/07/2023;1030.00;EUR;DC-10-10;380;350;476251.40;41;39;18;18
AZ;789;02/08/2023;1030.00;EUR;DC-10-10;380;343;470195.00;41;39;18;17
AZ;789;30/08/2023;1030.00;EUR;DC-10-10;380;350;480639.20;41;41;18;18
AZ;789;27/09/2023;1030.00;EUR;DC-10-10;380;72;116812.30;41;10;18;4
AZ;789;25/10/2023;1030.00;EUR;DC-10-10;380;124;187068.60;41;16;18;7
AZ;789;22/11/2023;1030.00;EUR;DC-10-10;380;111;164758.80;41;14;18;5
AZ;789;20/12/2023;1030.00;EUR;DC-10-10;380;101;153367.00;41;13;18;6
AZ;789;17/01/2024;1030.00;EUR;DC-10-10;380;32;65147.50;41;5;18;3
AZ;789;14/02/2024;1030.00;EUR;DC-10-10;380;-14;3708.00;41;0;18;0
AZ;790;18/01/2023;1014.00;EUR;747-400;385;354;462110.22;31;30;21;20
AZ;790;15/02/2023;1014.00;EUR;747-400;385;353;461390.28;31;29;21;21
AZ;790;15/03/2023;1014.00;EUR;747-400;385;355;466480.56;31;30;21;21
AZ;790;12/04/2023;1014.00;EUR;747-400;385;349;458976.96;31;31;21;20
AZ;790;10/05/2023;1014.00;EUR;747-400;385;355;470090.40;31;31;21;21
AZ;790;07/06/2023;1014.00;EUR;747-400;385;355;461927.70;31;29;21;20
AZ;790;05/07/2023;1014.00;EUR;747-400;385;348;453166.74;31;30;21;20
AZ;790;02/08/2023;1014.00;EUR;747-400;385;356;461045.52;31;28;21;21
AZ;790;30/08/2023;1014.00;EUR;747-400;385;353;463286.46;31;30;21;20
AZ;790;27/09/2023;1014.00;EUR;747-400;385;44;75299.64;31;5;21;3
AZ;790;25/10/2023;1014.00;EUR;747-400;385;129;182378.04;31;12;21;8
AZ;790;22/11/2023;1014.00;EUR;747-400;385;-18;0.00;31;0;21;0
AZ;790;20/12/2023;1014.00;EUR;747-400;385;49;85145.58;31;6;21;4
AZ;790;17/01/2024;1014.00;EUR;747-400;385;42;73241.22;31;4;21;3
AZ;790;14/02/2024;1014.00;EUR;747-400;385;23;49179.00;31;3;21;2
DL;106;16/01/2023;611.01;USD;A310-300;280;253;193800.41;22;21;10;10
DL;106;13/02/2023;611.01;USD;A310-300;280;246;189010.08;22;20;10;10
DL;106;13/03/2023;611.01;USD;A310-300;280;253;192608.96;22;21;10;10
DL;106;10/04/2023;611.01;USD;A310-300;280;245;185612.89;22;19;10;10
DL;106;08/05/2023;611.01;USD;A310-300;280;253;194191.45;22;21;10;10
DL;106;05/06/2023;611.01;USD;A310-300;280;250;191221.95;22;22;10;9
DL;106;03/07/2023;611.01;USD;A310-300;280;252;193433.80;22;21;10;10
DL;106;31/07/2023;611.01;USD;A310-300;280;246;189291.16;22;21;10;10
DL;106;28/08/2023;611.01;USD;A310-300;280;248;193348.24;22;22;10;10
DL;106;25/09/2023;611.01;USD;A310-300;280;47;45495.87;22;5;10;2
DL;106;23/10/2023;611.01;USD;A310-300;280;61;57923.82;22;7;10;3
DL;106;20/11/2023;611.01;USD;A310-300;280;79;70956.68;22;8;10;4
DL;106;18/12/2023;611.01;USD;A310-300;280;2;15305.82;22;2;10;1
DL;106;15/01/2024;611.01;USD;A310-300;280;-6;6751.67;22;0;10;0
DL;106;12/02/2024;611.01;USD;A310-300;280;-7;7362.68;22;1;10;0
DL;1699;16/01/2023;422.94;USD;A319;220;193;110070.24;22;21;10;9
DL;1699;13/02/2023;422.94;USD;A319;220;194;111423.63;22;21;10;10
DL;1699;13/03/2023;422.94;USD;A319;220;184;106893.97;22;21;10;10
DL;1699;10/04/2023;422.94;USD;A319;220;195;113056.24;22;22;10;10
DL;1699;08/05/2023;422.94;USD;A319;220;189;107854.03;22;19;10;10
DL;1699;05/06/2023;422.94;USD;A319;220;193;111119.13;22;22;10;10
DL;1699;03/07/2023;422.94;USD;A319;220;197;109951.85;22;20;10;9
DL;1699;31/07/2023;422.94;USD;A319;220;195;111309.56;22;21;10;10
DL;1699;28/08/2023;422.94;USD;A319;220;195;112421.75;22;21;10;10
DL;1699;25/09/2023;422.94;USD;A319;220;118;71206.22;22;13;10;6
DL;1699;23/10/2023;422.94;USD;A319;220;35;26184.22;22;4;10;2
DL;1699;20/11/2023;422.94;USD;A319;220;-4;7426.85;22;1;10;1
DL;1699;18/12/2023;422.94;USD;A319;220;47;34630.35;22;7;10;3
DL;1699;15/01/2024;422.94;USD;A319;220;-3;8754.85;22;2;10;1
DL;1699;12/02/2024;422.94;USD;A319;220;-18;0.00;22;0;10;0
DL;1984;16/01/2023;422.94;USD;DC-10-10;380;343;190927.94;41;38;18;17
DL;1984;13/02/2023;422.94;USD;DC-10-10;380;350;195656.53;41;41;18;17
DL;1984;13/03/2023;422.94;USD;DC-10-10;380;344;191418.56;41;37;18;18
DL;1984;10/04/2023;422.94;USD;DC-10-10;380;342;191520.13;41;39;18;17
DL;1984;08/05/2023;422.94;USD;DC-10-10;380;346;192636.72;41;39;18;17
DL;1984;05/06/2023;422.94;USD;DC-10-10;380;348;194552.64;41;39;18;18
DL;1984;03/07/2023;422.94;USD;DC-10-10;380;352;196798.42;41;39;18;18
DL;1984;31/07/2023;422.94;USD;DC-10-10;380;342;192044.58;41;38;18;18
DL;1984;28/08/2023;422.94;USD;DC-10-10;380;350;195580.30;41;39;18;18
DL;1984;25/09/2023;422.94;USD;DC-10-10;380;226;128531.59;41;26;18;11
DL;1984;23/10/2023;422.94;USD;DC-10-10;380;194;111982.05;41;24;18;9
DL;1984;20/11/2023;422.94;USD;DC-10-10;380;-18;0.00;41;0;18;0
DL;1984;18/12/2023;422.94;USD;DC-10-10;380;14;18034.20;41;4;18;2
DL;1984;15/01/2024;422.94;USD;DC-10-10;380;14;18165.30;41;4;18;2
DL;1984;12/02/2024;422.94;USD;DC-10-10;380;14;17552.03;41;3;18;2
JL;407;20/01/2023;106136;JPY;DC-10-10;380;351;48864989;41;39;18;18
JL;407;17/02/2023;106136;JPY;DC-10-10;380;347;49111217;41;40;18;18
JL;407;17/03/2023;106136;JPY;DC-10-10;380;349;49420088;41;41;18;18
JL;407;14/04/2023;106136;JPY;DC-10-10;380;342;47997849;41;39;18;16
JL;407;12/05/2023;106136;JPY;DC-10-10;380;349;49686472;41;41;18;18
JL;407;09/06/2023;106136;JPY;DC-10-10;380;346;47960706;41;37;18;17
JL;407;07/07/2023;106136;JPY;DC-10-10;380;341;48076403;41;40;18;17
JL;407;04/08/2023;106136;JPY;DC-10-10;380;350;49059227;41;38;18;18
JL;407;01/09/2023;106136;JPY;DC-10-10;380;348;48825708;41;40;18;17
JL;407;29/09/2023;106136;JPY;DC-10-10;380;27;6017913;41;5;18;2
JL;407;27/10/2023;106136;JPY;DC-10-10;380;177;26330212;41;22;18;10
JL;407;24/11/2023;106136;JPY;DC-10-10;380;41;8118338;41;7;18;3
JL;407;22/12/2023;106136;JPY;DC-10-10;380;21;5203847;41;4;18;2
JL;407;19/01/2024;106136;JPY;DC-10-10;380;53;9633963;41;8;18;4
JL;407;16/02/2024;106136;JPY;DC-10-10;380;-18;0;41;0;18;0
JL;408;21/01/2023;106136;JPY;747-400;385;344;46621292;31;29;21;19
JL;408;18/02/2023;106136;JPY;747-400;385;355;49073023;31;31;21;21
JL;408;18/03/2023;106136;JPY;747-400;385;349;47093577;31;28;21;19
JL;408;15/04/2023;106136;JPY;747-400;385;355;48473348;31;31;21;20
JL;408;13/05/2023;106136;JPY;747-400;385;356;48543404;31;28;21;21
JL;408;10/06/2023;106136;JPY;747-400;385;353;48375707;31;30;21;20
JL;408;08/07/2023;106136;JPY;747-400;385;357;48533839;31;31;21;19
JL;408;05/08/2023;106136;JPY;747-400;385;354;48281230;31;30;21;20
JL;408;02/09/2023;106136;JPY;747-400;385;356;48842700;31;29;21;21
JL;408;30/09/2023;106136;JPY;747-400;385;185;26335523;31;16;21;11
JL;408;28/10/2023;106136;JPY;747-400;385;58;9727364;31;6;21;4
JL;408;25/11/2023;106136;JPY;747-400;385;17;4696514;31;3;21;2
JL;408;23/12/2023;106136;JPY;747-400;385;73;11669653;31;6;21;5
JL;408;20/01/2024;106136;JPY;747-400;385;24;5280261;31;3;21;2
JL;408;17/02/2024;106136;JPY;747-400;385;-4;1894525;31;1;21;1
LH;400;21/01/2023;666.00;EUR;A310-300;280;246;204255.54;22;20;10;9
LH;400;18/02/2023;666.00;EUR;A310-300;280;253;210749.04;22;21;10;10
LH;400;18/03/2023;666.00;EUR;A310-300;280;247;207252.54;22;21;10;10
LH;400;15/04/2023;666.00;EUR;A310-300;280;253;210029.76;22;20;10;10
LH;400;13/05/2023;666.00;EUR;A310-300;280;248;207392.40;22;21;10;10
LH;400;10/06/2023;666.00;EUR;A310-300;280;253;209783.34;22;21;10;9
LH;400;28/06/2023;666.00;EUR;A310-300;280;253;212127.66;22;22;10;10
LH;400;08/07/2023;666.00;EUR;A310-300;280;253;211987.80;22;22;10;10
LH;400;28/07/2023;666.00;EUR;A310-300;280;249;208950.84;22;22;10;9
LH;400;05/08/2023;666.00;EUR;A310-300;280;254;210722.40;22;21;10;9
LH;400;02/09/2023;666.00;EUR;A310-300;280;248;205647.48;22;21;10;9
LH;400;30/09/2023;666.00;EUR;A310-300;280;112;103283.28;22;11;10;5
LH;400;28/10/2023;666.00;EUR;A310-300;280;9;20612.70;22;2;10;1
LH;400;25/11/2023;666.00;EUR;A310-300;280;-7;7958.70;22;1;10;0
LH;400;23/12/2023;666.00;EUR;A310-300;280;49;50949.00;22;5;10;2
LH;400;20/01/2024;666.00;EUR;A310-300;280;34;40645.98;22;4;10;2
LH;400;17/02/2024;666.00;EUR;A310-300;280;3;17482.50;22;2;10;1
LH;401;20/01/2023;666.00;EUR;A319;220;196;176803.02;22;21;10;10
LH;401;17/02/2023;666.00;EUR;A319;220;196;174238.92;22;20;10;10
LH;401;17/03/2023;666.00;EUR;A319;220;186;168717.78;22;20;10;10
LH;401;14/04/2023;666.00;EUR;A319;220;191;172846.98;22;21;10;10
LH;401;12/05/2023;666.00;EUR;A319;220;192;172760.40;22;21;10;9
LH;401;09/06/2023;666.00;EUR;A319;220;193;176330.16;22;22;10;10
LH;401;28/06/2023;666.00;EUR;A319;220;193;175464.36;22;22;10;10
LH;401;07/07/2023;666.00;EUR;A319;220;195;177209.28;22;22;10;10
LH;401;28/07/2023;666.00;EUR;A319;220;187;167725.44;22;20;10;9
LH;401;04/08/2023;666.00;EUR;A319;220;191;171228.60;22;20;10;10
LH;401;01/09/2023;666.00;EUR;A319;220;195;173706.12;22;21;10;9
LH;401;29/09/2023;666.00;EUR;A319;220;10;22910.40;22;3;10;1
LH;401;27/10/2023;666.00;EUR;A319;220;-18;0.00;22;0;10;0
LH;401;24/11/2023;666.00;EUR;A319;220;36;45960.66;22;6;10;3
LH;401;22/12/2023;666.00;EUR;A319;220;-18;0.00;22;0;10;0
LH;401;19/01/2024;666.00;EUR;A319;220;-18;0.00;22;0;10;0
LH;401;16/02/2024;666.00;EUR;A319;220;-18;0.00;22;0;10;0
LH;402;16/01/2023;666.00;EUR;DC-10-10;380;351;309496.86;41;39;18;18
LH;402;13/02/2023;666.00;EUR;DC-10-10;380;344;302210.82;41;39;18;17
LH;402;13/03/2023;666.00;EUR;DC-10-10;380;350;307905.12;41;40;18;18
LH;402;10/04/2023;666.00;EUR;DC-10-10;380;340;299207.16;41;39;18;17
LH;402;08/05/2023;666.00;EUR;DC-10-10;380;350;311681.34;41;41;18;18
LH;402;05/06/2023;666.00;EUR;DC-10-10;380;344;299979.72;41;37;18;17
LH;402;28/06/2023;666.00;EUR;DC-10-10;380;350;309516.84;41;41;18;17
LH;402;03/07/2023;666.00;EUR;DC-10-10;380;341;298854.18;41;37;18;18
LH;402;28/07/2023;666.00;EUR;DC-10-10;380;342;300492.54;41;39;18;17
LH;402;31/07/2023;666.00;EUR;DC-10-10;380;345;300878.82;41;39;18;16
LH;402;28/08/2023;666.00;EUR;DC-10-10;380;343;300046.32;41;38;18;17
LH;402;25/09/2023;666.00;EUR;DC-10-10;380;53;59047.56;41;8;18;3
LH;402;23/10/2023;666.00;EUR;DC-10-10;380;150;143070.12;41;19;18;8
LH;402;20/11/2023;666.00;EUR;DC-10-10;380;39;47685.60;41;6;18;3
LH;402;18/12/2023;666.00;EUR;DC-10-10;380;12;23869.44;41;3;18;1
LH;402;15/01/2024;666.00;EUR;DC-10-10;380;43;51348.60;41;7;18;3
LH;402;12/02/2024;666.00;EUR;DC-10-10;380;18;28904.40;41;4;18;1
LH;2402;21/01/2023;242.00;EUR;DC-10-10;380;351;111668.48;41;39;18;17
LH;2402;18/02/2023;242.00;EUR;DC-10-10;380;348;112462.24;41;40;18;18
LH;2402;18/03/2023;242.00;EUR;DC-10-10;380;343;109938.18;41;39;18;17
LH;2402;15/04/2023;242.00;EUR;DC-10-10;380;338;109204.92;41;38;18;18
LH;2402;13/05/2023;242.00;EUR;DC-10-10;380;347;110557.70;41;39;18;17
LH;2402;10/06/2023;242.00;EUR;DC-10-10;380;349;111612.82;41;40;18;17
LH;2402;28/06/2023;242.00;EUR;DC-10-10;380;341;109543.72;41;38;18;18
LH;2402;08/07/2023;242.00;EUR;DC-10-10;380;348;111039.28;41;40;18;17
LH;2402;28/07/2023;242.00;EUR;DC-10-10;380;347;112012.12;41;41;18;18
LH;2402;05/08/2023;242.00;EUR;DC-10-10;380;342;109229.12;41;39;18;16
LH;2402;02/09/2023;242.00;EUR;DC-10-10;380;349;111840.30;41;41;18;18
LH;2402;30/09/2023;242.00;EUR;DC-10-10;380;64;25054.26;41;9;18;4
LH;2402;28/10/2023;242.00;EUR;DC-10-10;380;35;16714.94;41;6;18;3
LH;2402;25/11/2023;242.00;EUR;DC-10-10;380;127;44201.30;41;16;18;7
LH;2402;23/12/2023;242.00;EUR;DC-10-10;380;50;20695.84;41;8;18;3
LH;2402;20/01/2024;242.00;EUR;DC-10-10;380;52;21175.00;41;8;18;3
LH;2402;17/02/2024;242.00;EUR;DC-10-10;380;-18;0.00;41;0;18;0
LH;2407;21/01/2023;242.00;EUR;727-200;189;165;55819.72;18;18;11;10
LH;2407;18/02/2023;242.00;EUR;727-200;189;162;56173.04;18;18;11;11
LH;2407;18/03/2023;242.00;EUR;727-200;189;163;56211.76;18;18;11;11
LH;2407;15/04/2023;242.00;EUR;727-200;189;165;55727.76;18;16;11;11
LH;2407;13/05/2023;242.00;EUR;727-200;189;165;56528.78;18;18;11;11
LH;2407;10/06/2023;242.00;EUR;727-200;189;163;55207.46;18;17;11;11
LH;2407;28/06/2023;242.00;EUR;727-200;189;159;55047.74;18;18;11;11
LH;2407;08/07/2023;242.00;EUR;727-200;189;164;56025.42;18;18;11;11
LH;2407;28/07/2023;242.00;EUR;727-200;189;165;55696.30;18;17;11;11
LH;2407;05/08/2023;242.00;EUR;727-200;189;164;55425.26;18;17;11;11
LH;2407;02/09/2023;242.00;EUR;727-200;189;164;56419.88;18;18;11;11
LH;2407;30/09/2023;242.00;EUR;727-200;189;107;36725.92;18;11;11;6
LH;2407;28/10/2023;242.00;EUR;727-200;189;61;24744.50;18;8;11;5
LH;2407;25/11/2023;242.00;EUR;727-200;189;36;15717.90;18;5;11;2
LH;2407;23/12/2023;242.00;EUR;727-200;189;16;10326.14;18;3;11;2
LH;2407;20/01/2024;242.00;EUR;727-200;189;-18;0.00;18;0;11;0
LH;2407;17/02/2024;242.00;EUR;727-200;189;-18;0.00;18;0;11;0
QF;5;20/01/2023;788.64;AUD;A310-300;280;246;244715.11;22;21;10;10
QF;5;17/02/2023;788.64;AUD;A310-300;280;248;247057.46;22;22;10;9
QF;5;17/03/2023;788.64;AUD;A310-300;280;253;250495.93;22;22;10;9
QF;5;14/04/2023;788.64;AUD;A310-300;280;253;250219.74;22;21;10;10
QF;5;12/05/2023;788.64;AUD;A310-300;280;247;244738.83;22;22;10;9
QF;5;09/06/2023;788.64;AUD;A310-300;280;254;249407.50;22;22;10;8
QF;5;07/07/2023;788.64;AUD;A310-300;280;253;249084.16;22;20;10;10
QF;5;04/08/2023;788.64;AUD;A310-300;280;244;242120.59;22;21;10;9
QF;5;01/09/2023;788.64;AUD;A310-300;280;245;243153.66;22;19;10;10
QF;5;29/09/2023;788.64;AUD;A310-300;280;53;66797.88;22;6;10;3
QF;5;27/10/2023;788.64;AUD;A310-300;280;61;70559.68;22;6;10;2
QF;5;24/11/2023;788.64;AUD;A310-300;280;-10;6979.46;22;1;10;0
QF;5;22/12/2023;788.64;AUD;A310-300;280;59;71529.71;22;6;10;3
QF;5;19/01/2024;788.64;AUD;A310-300;280;16;28509.30;22;3;10;0
QF;5;16/02/2024;788.64;AUD;A310-300;280;11;26380.05;22;2;10;1
QF;6;18/01/2023;788.64;AUD;A319;220;194;205748.36;22;22;10;9
QF;6;15/02/2023;788.64;AUD;A319;220;193;208879.35;22;22;10;10
QF;6;15/03/2023;788.64;AUD;A319;220;195;210772.15;22;22;10;10
QF;6;12/04/2023;788.64;AUD;A319;220;196;207160.11;22;20;10;10
QF;6;10/05/2023;788.64;AUD;A319;220;193;205756.28;22;21;10;10
QF;6;07/06/2023;788.64;AUD;A319;220;189;200866.72;22;19;10;10
QF;6;05/07/2023;788.64;AUD;A319;220;194;207641.27;22;21;10;10
QF;6;02/08/2023;788.64;AUD;A319;220;188;201686.94;22;20;10;10
QF;6;30/08/2023;788.64;AUD;A319;220;187;198832.10;22;20;10;9
QF;6;27/09/2023;788.64;AUD;A319;220;37;54849.93;22;6;10;3
QF;6;25/10/2023;788.64;AUD;A319;220;90;105015.36;22;10;10;5
QF;6;22/11/2023;788.64;AUD;A319;220;-18;0.00;22;0;10;0
QF;6;20/12/2023;788.64;AUD;A319;220;10;26892.66;22;3;10;1
QF;6;17/01/2024;788.64;AUD;A319;220;-5;13328.05;22;1;10;1
QF;6;14/02/2024;788.64;AUD;A319;220;1;18651.38;22;2;10;1
SQ;2;19/01/2023;2320.04;SGD;DC-10-10;380;362;1109907.41;41;41;18;18
SQ;2;16/02/2023;2320.04;SGD;DC-10-10;380;362;1107517.85;41;41;18;18
SQ;2;16/03/2023;2320.04;SGD;DC-10-10;380;359;1103225.78;41;41;18;18
SQ;2;13/04/2023;2320.04;SGD;DC-10-10;380;362;1108956.17;41;41;18;18
SQ;2;11/05/2023;2320.04;SGD;DC-10-10;380;362;1107865.73;41;41;18;18
SQ;2;08/06/2023;2320.04;SGD;DC-10-10;380;357;1095105.57;41;40;18;18
SQ;2;06/07/2023;2320.04;SGD;DC-10-10;380;359;1101137.63;41;41;18;18
SQ;2;03/08/2023;2320.04;SGD;DC-10-10;380;361;1103341.54;41;41;18;18
SQ;2;31/08/2023;2320.04;SGD;DC-10-10;380;355;1088980.55;41;40;18;18
SQ;2;28/09/2023;2320.04;SGD;DC-10-10;380;200;636247.95;41;24;18;10
SQ;2;26/10/2023;2320.04;SGD;DC-10-10;380;106;358678.19;41;13;18;6
SQ;2;23/11/2023;2320.04;SGD;DC-10-10;380;29;137392.78;41;5;18;2
SQ;2;21/12/2023;2320.04;SGD;DC-10-10;380;107;361787.16;41;13;18;6
SQ;2;18/01/2024;2320.04;SGD;DC-10-10;380;50;196669.84;41;7;18;3
SQ;2;15/02/2024;2320.04;SGD;DC-10-10;380;1;57049.80;41;2;18;1
SQ;15;18/01/2023;2320.04;SGD;DC-10-10;380;362;1106543.30;41;41;18;18
SQ;15;15/02/2023;2320.04;SGD;DC-10-10;380;362;1112969.84;41;41;18;18
SQ;15;15/03/2023;2320.04;SGD;DC-10-10;380;353;1086405.37;41;40;18;18
SQ;15;12/04/2023;2320.04;SGD;DC-10-10;380;362;1108306.51;41;41;18;18
SQ;15;10/05/2023;2320.04;SGD;DC-10-10;380;355;1085871.72;41;40;18;18
SQ;15;07/06/2023;2320.04;SGD;DC-10-10;380;352;1086730.28;41;40;18;18
SQ;15;05/07/2023;2320.04;SGD;DC-10-10;380;362;1109095.44;41;41;18;18
SQ;15;02/08/2023;2320.04;SGD;DC-10-10;380;353;1087704.59;41;40;18;18
SQ;15;30/08/2023;2320.04;SGD;DC-10-10;380;362;1109327.47;41;41;18;18
SQ;15;27/09/2023;2320.04;SGD;DC-10-10;380;69;251097.98;41;9;18;4
SQ;15;25/10/2023;2320.04;SGD;DC-10-10;380;183;592306.40;41;22;18;10
SQ;15;22/11/2023;2320.04;SGD;DC-10-10;380;-10;21692.38;41;1;18;0
SQ;15;20/12/2023;2320.04;SGD;DC-10-10;380;87;304389.32;41;11;18;5
SQ;15;17/01/2024;2320.04;SGD;DC-10-10;380;13;86885.54;41;3;18;1
SQ;15;14/02/2024;2320.04;SGD;DC-10-10;380;-18;0.00;41;0;18;0
SQ;158;17/01/2023;494.79;SGD;727-200;189;165;114815.85;18;17;11;11
SQ;158;14/02/2023;494.79;SGD;727-200;189;171;119095.77;18;18;11;11
SQ;158;14/03/2023;494.79;SGD;727-200;189;169;117809.32;18;18;11;11
SQ;158;11/04/2023;494.79;SGD;727-200;189;171;118660.35;18;18;11;11
SQ;158;09/05/2023;494.79;SGD;727-200;189;171;117433.28;18;18;11;11
SQ;158;06/06/2023;494.79;SGD;727-200;189;162;111208.81;18;17;11;10
SQ;158;04/07/2023;494.79;SGD;727-200;189;171;118289.25;18;18;11;11
SQ;158;01/08/2023;494.79;SGD;727-200;189;171;117942.91;18;18;11;11
SQ;158;29/08/2023;494.79;SGD;727-200;189;171;118610.88;18;18;11;11
SQ;158;26/09/2023;494.79;SGD;727-200;189;11;18529.85;18;3;11;2
SQ;158;24/10/2023;494.79;SGD;727-200;189;7;14497.32;18;2;11;1
SQ;158;21/11/2023;494.79;SGD;727-200;189;44;39014.12;18;6;11;4
SQ;158;19/12/2023;494.79;SGD;727-200;189;-18;0.00;18;0;11;0
SQ;158;16/01/2024;494.79;SGD;727-200;189;-2;10390.57;18;2;11;1
SQ;158;13/02/2024;494.79;SGD;727-200;189;-15;1360.67;18;0;11;0
SQ;988;19/01/2023;910.15;SGD;A310-300;280;262;300167.89;22;22;10;10
SQ;988;16/02/2023;910.15;SGD;A310-300;280;254;290028.83;22;21;10;10
SQ;988;16/03/2023;910.15;SGD;A310-300;280;252;287525.88;22;21;10;10
SQ;988;13/04/2023;910.15;SGD;A310-300;280;262;300240.69;22;22;10;10
SQ;988;11/05/2023;910.15;SGD;A310-300;280;262;298848.13;22;22;10;10
SQ;988;08/06/2023;910.15;SGD;A310-300;280;262;300568.28;22;22;10;10
SQ;988;06/07/2023;910.15;SGD;A310-300;280;257;294943.65;22;22;10;10
SQ;988;03/08/2023;910.15;SGD;A310-300;280;262;298247.45;22;22;10;10
SQ;988;31/08/2023;910.15;SGD;A310-300;280;262;297746.88;22;22;10;10
SQ;988;28/09/2023;910.15;SGD;A310-300;280;168;199860.13;22;15;10;7
SQ;988;26/10/2023;910.15;SGD;A310-300;280;74;95529.53;22;7;10;3
SQ;988;23/11/2023;910.15;SGD;A310-300;280;57;80812.33;22;6;10;3
SQ;988;21/12/2023;910.15;SGD;A310-300;280;-18;0.00;22;0;10;0
SQ;988;18/01/2024;910.15;SGD;A310-300;280;43;64247.58;22;5;10;2
SQ;988;15/02/2024;910.15;SGD;A310-300;280;-18;0.00;22;0;10;0
UA;941;19/01/2023;879.82;USD;A319;220;187;224767.99;22;20;10;10
UA;941;16/02/2023;879.82;USD;A319;220;193;231410.69;22;22;10;10
UA;941;16/03/2023;879.82;USD;A319;220;195;233522.25;22;22;10;10
UA;941;13/04/2023;879.82;USD;A319;220;190;223729.83;22;19;10;10
UA;941;11/05/2023;879.82;USD;A319;220;196;234463.61;22;21;10;10
UA;941;08/06/2023;879.82;USD;A319;220;195;231498.63;22;20;10;10
UA;941;28/06/2023;879.82;USD;A319;220;194;230742.02;22;21;10;10
UA;941;06/07/2023;879.82;USD;A319;220;195;231340.31;22;21;10;10
UA;941;28/07/2023;879.82;USD;A319;220;195;232202.50;22;21;10;10
UA;941;03/08/2023;879.82;USD;A319;220;194;231806.57;22;21;10;10
UA;941;31/08/2023;879.82;USD;A319;220;184;222832.43;22;21;10;10
UA;941;28/09/2023;879.82;USD;A319;220;74;100229.26;22;9;10;4
UA;941;26/10/2023;879.82;USD;A319;220;14;35500.81;22;3;10;2
UA;941;23/11/2023;879.82;USD;A319;220;51;74371.33;22;7;10;3
UA;941;21/12/2023;879.82;USD;A319;220;58;85914.55;22;8;10;4
UA;941;18/01/2024;879.82;USD;A319;220;-11;7302.52;22;1;10;0
UA;941;15/02/2024;879.82;USD;A319;220;-1;19576.03;22;2;10;1
UA;3504;20/01/2023;879.82;USD;DC-10-10;380;343;401172.17;41;39;18;17
UA;3504;17/02/2023;879.82;USD;DC-10-10;380;352;405175.40;41;40;18;16
UA;3504;17/03/2023;879.82;USD;DC-10-10;380;349;404629.96;41;40;18;17
UA;3504;14/04/2023;879.82;USD;DC-10-10;380;346;403107.85;41;38;18;18
UA;3504;12/05/2023;879.82;USD;DC-10-10;380;348;402914.31;41;40;18;17
UA;3504;09/06/2023;879.82;USD;DC-10-10;380;350;408553.96;41;41;18;18
UA;3504;28/06/2023;879.82;USD;DC-10-10;380;342;393667.43;41;39;18;16
UA;3504;07/07/2023;879.82;USD;DC-10-10;380;349;409486.54;41;41;18;18
UA;3504;28/07/2023;879.82;USD;DC-10-10;380;347;401084.30;41;38;18;18
UA;3504;04/08/2023;879.82;USD;DC-10-10;380;342;398180.83;41;39;18;17
UA;3504;01/09/2023;879.82;USD;DC-10-10;380;352;409134.59;41;40;18;17
UA;3504;29/09/2023;879.82;USD;DC-10-10;380;116;148769.02;41;14;18;7
UA;3504;27/10/2023;879.82;USD;DC-10-10;380;-8;9546.07;41;1;18;0
UA;3504;24/11/2023;879.82;USD;DC-10-10;380;66;91774.16;41;8;18;4
UA;3504;22/12/2023;879.82;USD;DC-10-10;380;57;81383.50;41;8;18;3
UA;3504;19/01/2024;879.82;USD;DC-10-10;380;7;27714.38;41;3;18;1
UA;3504;16/02/2024;879.82;USD;DC-10-10;380;-18;0.00;41;0;18;0
UA;3516;17/01/2023;611.01;USD;DC-10-10;380;351;281682.10;41;38;18;18
UA;3516;14/02/2023;611.01;USD;DC-10-10;380;348;281162.73;41;40;18;17
UA;3516;14/03/2023;611.01;USD;DC-10-10;380;346;279427.45;41;39;18;17
UA;3516;11/04/2023;611.01;USD;DC-10-10;380;349;283521.21;41;39;18;18
UA;3516;09/05/2023;611.01;USD;DC-10-10;380;341;276916.20;41;38;18;18
UA;3516;06/06/2023;611.01;USD;DC-10-10;380;341;275535.33;41;39;18;17
UA;3516;28/06/2023;611.01;USD;DC-10-10;380;350;284040.61;41;41;18;18
UA;3516;04/07/2023;611.01;USD;DC-10-10;380;346;276745.15;41;40;18;16
UA;3516;28/07/2023;611.01;USD;DC-10-10;380;344;279855.18;41;40;18;18
UA;3516;01/08/2023;611.01;USD;DC-10-10;380;343;273433.47;41;37;18;17
UA;3516;29/08/2023;611.01;USD;DC-10-10;380;349;283154.62;41;41;18;17
UA;3516;26/09/2023;611.01;USD;DC-10-10;380;222;186211.62;41;25;18;12
UA;3516;24/10/2023;611.01;USD;DC-10-10;380;133;113159.21;41;16;18;6
UA;3516;21/11/2023;611.01;USD;DC-10-10;380;153;130896.84;41;18;18;8
UA;3516;19/12/2023;611.01;USD;DC-10-10;380;62;62439.19;41;9;18;4
UA;3516;16/01/2024;611.01;USD;DC-10-10;380;33;40907.17;41;6;18;3
UA;3516;13/02/2024;611.01;USD;DC-10-10;380;1;14267.11;41;2;18;1
UA;3517;16/01/2023;611.01;USD;747-400;385;356;279470.24;31;29;21;21
UA;3517;13/02/2023;611.01;USD;747-400;385;353;276561.84;31;30;21;20
UA;3517;13/03/2023;611.01;USD;747-400;385;357;280307.31;31;30;21;20
UA;3517;10/04/2023;611.01;USD;747-400;385;350;276482.39;31;29;21;21
UA;3517;08/05/2023;611.01;USD;747-400;385;355;279433.57;31;29;21;21
UA;3517;05/06/2023;611.01;USD;747-400;385;353;277570.01;31;31;21;20
UA;3517;28/06/2023;611.01;USD;747-400;385;355;283197.37;31;31;21;21
UA;3517;03/07/2023;611.01;USD;747-400;385;348;272455.83;31;28;21;20
UA;3517;28/07/2023;611.01;USD;747-400;385;355;282170.86;31;31;21;20
UA;3517;31/07/2023;611.01;USD;747-400;385;354;279519.08;31;28;21;21
UA;3517;28/08/2023;611.01;USD;747-400;385;346;273280.68;31;29;21;20
UA;3517;25/09/2023;611.01;USD;747-400;385;87;77482.29;31;9;21;5
UA;3517;23/10/2023;611.01;USD;747-400;385;153;129186.02;31;14;21;10
UA;3517;20/11/2023;611.01;USD;747-400;385;133;109847.52;31;11;21;7
UA;3517;18/12/2023;611.01;USD;747-400;385;58;56536.83;31;6;21;4
UA;3517;15/01/2024;611.01;USD;747-400;385;39;42501.92;31;5;21;3
UA;3517;12/02/2024;611.01;USD;747-400;385;18;26963.91;31;3;21;2
